,Degree,Excentricidad,Diametro,Radio,Camino m√°s corto promedio,Transitividad,Eficiencia Global,Rich Club Coefficient,Core Ratio,Central Point Dominance,Spectral radius,Modularidad,Average Collaborations,Clustering
0,6.462809917355372,4.24793388429752,5,3,2.8022038567493115,0.14666999251683713,0.4030922865013468,0.05385674931129476,0.8099173553719008,0.08774461507369258,1.7341704233494455,0.8484848484848485,13.846153846153847,0.11777987874610732
1,6.462809917355372,4.24793388429752,5,3,2.8022038567493115,0.14666999251683713,0.4030922865013468,0.05385674931129476,0.8099173553719008,0.08774461507369258,1.7341704233494455,0.8484848484848485,13.846153846153847,0.11777987874610732
2,6.144,4.12,5,3,2.826967741935484,0.1813186813186813,0.39641075268813386,0.04954838709677419,0.752,0.12660542620548534,1.740153507677109,0.8708387096774194,14.071428571428571,0.15607072218049758
3,7.038167938931298,4.106870229007634,5,3,2.7446858485026424,0.1578641903656413,0.408629868858825,0.054139753376394595,0.7938931297709924,0.09660190299789424,1.697457741457801,0.8411039342337052,13.666666666666666,0.1320356434996825
4,6.56198347107438,4.1652892561983474,5,3,2.7421487603305783,0.13331696538178248,0.40856290174468646,0.0546831955922865,0.8099173553719008,0.1379596321042164,1.75162241497954,0.831267217630854,13.586206896551724,0.1307637531764024
5,5.428571428571429,4.388888888888889,5,3,2.967111111111111,0.1496559633027523,0.3801671957671647,0.04342857142857143,0.626984126984127,0.14072939347039065,1.7581727371093818,0.8754285714285714,13.92,0.20687667775001706
6,6.763358778625954,4.175572519083969,5,3,2.808925425719319,0.15695527287648747,0.4003836367194666,0.05202583675866119,0.7557251908396947,0.11349890650313374,1.7656157649268756,0.8650616559013505,14.535714285714286,0.14051597749177258
7,6.983870967741935,4.137096774193548,5,3,2.7243640178337265,0.15220949263502456,0.41289229827778084,0.056779438762129555,0.8145161290322581,0.1338954682040998,1.7364384337186571,0.8530028848675584,14.607142857142858,0.13760791248220092
8,6.883333333333334,4.166666666666667,5,3,2.7600840336134453,0.16250557289344628,0.4098786181138778,0.05784313725490196,0.7916666666666666,0.08383706017166435,1.7083019335333596,0.8156862745098039,13.74074074074074,0.16506447845783018
9,6.868852459016393,3.9836065573770494,5,3,2.7756401571602765,0.18036437246963563,0.4064151199024165,0.05676737569435036,0.7213114754098361,0.08421169573304313,1.744789528239902,0.8604525132095922,13.862068965517242,0.15538001368725396
10,6.619047619047619,4.0476190476190474,5,3,2.6952380952380954,0.1188118811881188,0.41316613756609205,0.05295238095238095,0.8253968253968254,0.1274592723000284,1.6801357450084666,0.8552380952380952,13.620689655172415,0.155050139537841
11,5.821917808219178,4.424657534246576,5,3,2.9450165328294755,0.10958254269449716,0.3797559439457749,0.040151157298063296,0.7602739726027398,0.1002078041537927,1.7768374226455044,0.869248937175248,14.142857142857142,0.14014837838367247
12,6.112903225806452,4.193548387096774,5,3,2.8535274062418043,0.1906810035842294,0.39477882682049215,0.04969840020980855,0.7096774193548387,0.10621591500069628,1.7239416818314073,0.8499868869656438,14.833333333333334,0.17147625473160227
13,6.416,4.264,5,3,2.8283870967741938,0.13588850174216027,0.398765591397816,0.05174193548387097,0.8,0.08818986387043846,1.7707916296495865,0.8464516129032258,12.551724137931034,0.1355427665729523
14,6.260869565217392,4.239130434782608,5,3,2.878345498783455,0.15165979605120417,0.3894777671990721,0.04569977784830213,0.7608695652173914,0.10105369967656021,1.7618714561657445,0.8438590923516344,14.066666666666666,0.12980557716072974
15,5.884297520661157,3.9917355371900825,5,3,2.8724517906336087,0.19408945686900958,0.39226813590447984,0.049035812672176306,0.71900826446281,0.10457873963009025,1.761323123268167,0.8621212121212121,14.083333333333334,0.23005751586291032
16,6.4,4.358333333333333,6,3,2.835994397759104,0.14723467862481315,0.40044351073760287,0.05378151260504202,0.7416666666666667,0.09092158219659932,1.718699693990386,0.8686274509803922,13.785714285714286,0.17181958367386407
17,6.512396694214876,4.074380165289257,5,3,2.768732782369146,0.1586238743939044,0.406285583103732,0.05426997245179063,0.7768595041322314,0.09130732517294501,1.7375449674495642,0.8147382920110193,14.142857142857142,0.172143300274789
18,6.928,4.016,5,3,2.7023225806451614,0.11757105943152454,0.4150989247311383,0.055870967741935486,0.752,0.10811829023755275,1.6770250616794755,0.8454193548387097,14.766666666666667,0.13122027419257506
19,6.440944881889764,4.21259842519685,5,3,2.819147606549181,0.12358703843255464,0.3995229762945942,0.051118610173728284,0.8031496062992126,0.0918020802114067,1.7178317125984113,0.8492688413948256,13.10344827586207,0.13977205436866696
20,6.541353383458647,4.2631578947368425,5,3,2.8274094326725905,0.1520828741459114,0.3980329611908067,0.04955570745044429,0.7593984962406015,0.10155565891369192,1.7254931446499033,0.8534973798131693,13.5,0.12957726308812964
21,6.556390977443609,4.2631578947368425,5,3,2.835156071998177,0.15597698700191776,0.3972336143388247,0.04966962861699704,0.7819548872180451,0.10008748371633568,1.7661880578522446,0.8456368193210299,13.833333333333334,0.16632112403702035
22,6.629032258064516,4.129032258064516,5,3,2.734461054287962,0.11994578721481816,0.41018008567178427,0.05389457120377655,0.7903225806451613,0.1061051161231176,1.6991645193971168,0.8654602675059009,13.931034482758621,0.1394236339575001
23,6.5984251968503935,4.125984251968504,5,3,2.7716535433070866,0.14866666666666667,0.4049181352330579,0.05236845394325709,0.7874015748031497,0.09709843407096003,1.7534530766991783,0.8522684664416947,14.241379310344827,0.1418496697772845
24,7.426229508196721,4.081967213114754,5,3,2.6576344668744074,0.14584578601315004,0.422424694034191,0.061373797588402654,0.8360655737704918,0.10212624210968271,1.6776140453099913,0.8286140089418778,13.833333333333334,0.14073822001013134
25,6.016129032258065,4.258064516129032,5,3,2.809074219774456,0.13014460511679643,0.3988460529766289,0.04891161814843955,0.8225806451612904,0.10722623357312626,1.7510311971582615,0.8380540257015473,13.538461538461538,0.15038885027502766
26,6.504065040650406,4.0894308943089435,5,3,2.7515660402505664,0.13613200679446735,0.4079101692655915,0.053312008529921365,0.7967479674796748,0.12283182432451273,1.7177844058312488,0.8104758096761295,14.037037037037036,0.19375166255576315
27,6.496124031007752,4.24031007751938,5,3,2.8380571705426356,0.12825278810408922,0.3978157299741178,0.05075096899224806,0.7984496124031008,0.11264630136840185,1.7936910677341964,0.8492005813953488,13.4,0.1429260652546594
28,6.580645161290323,4.129032258064516,5,3,2.7787831104117493,0.16806546370121694,0.40451962584137835,0.05350118017309206,0.7096774193548387,0.10770016874622489,1.705297803187618,0.8503802779963283,13.851851851851851,0.210748277341955
29,6.544,4.184,5,3,2.755483870967742,0.12722586691658858,0.4075118279569493,0.0527741935483871,0.8,0.07939676201907331,1.6747048467065904,0.8578064516129033,14.5,0.15185415100894978
30,6.483870967741935,4.241935483870968,5,3,2.8157618672960925,0.15288868013151716,0.39999562898851115,0.05271439811172305,0.7983870967741935,0.10229655162226829,1.7256007970728304,0.8665093102543928,13.666666666666666,0.12243465455539757
31,6.0625,4.2109375,5,3,2.8721702755905514,0.15346411720884032,0.3916461614172799,0.04773622047244094,0.7265625,0.09618072659678702,1.7416365413872383,0.8634350393700787,13.777777777777779,0.16028594922283126
32,6.983606557377049,4.155737704918033,5,3,2.759788646524861,0.18879415347137637,0.40839091360697477,0.057715756672537595,0.7377049180327869,0.13114960604212114,1.6798965682676106,0.8202140631350765,13.4,0.1764396282513794
33,7.3983739837398375,4.162601626016261,5,3,2.652805544448887,0.12855377008652658,0.4230396730196431,0.06064240970278555,0.8780487804878049,0.08316877874142198,1.704986009727762,0.8176729308276689,13.633333333333333,0.12018134029012938
34,6.566929133858268,4.21259842519685,5,3,2.7702787151606048,0.14266577361018085,0.4046619172602964,0.05211848518935133,0.7874015748031497,0.1117950599091189,1.6789024760510614,0.8598925134358205,13.62962962962963,0.16063687541500835
35,6.468085106382978,4.163120567375887,5,3,2.836676798378926,0.15675675675675677,0.39430091185404315,0.046200607902735565,0.7801418439716312,0.10196618251622859,1.7349957489399284,0.8331306990881459,14.068965517241379,0.14463108753019907
36,6.245901639344262,4.213114754098361,5,3,2.83078173689202,0.14121951219512194,0.39904032877204176,0.0516190218127625,0.6885245901639344,0.10179079850129744,1.7385531289030682,0.809646389378133,13.785714285714286,0.14656892620459622
37,6.301587301587301,4.23015873015873,5,3,2.8217142857142856,0.13194959229058562,0.3983724867724496,0.050412698412698416,0.7380952380952381,0.12778065919529025,1.7385758714831834,0.8443174603174604,14.392857142857142,0.13269255527070367
38,6.6,4.141666666666667,5,3,2.7099439775910366,0.12613720186869928,0.4135387488328383,0.05546218487394958,0.8333333333333334,0.09276222274885687,1.6829236672677879,0.8392156862745098,13.966666666666667,0.15181795294488792
39,6.885245901639344,4.163934426229508,5,3,2.7433952039019105,0.18037974683544303,0.4103712234114246,0.05690285869123425,0.7704918032786885,0.10888722166441597,1.7409631758583861,0.8391816826988213,13.555555555555555,0.157843640433226
40,6.693548387096774,4.185483870967742,5,3,2.794518751639129,0.13765182186234817,0.40442783460089066,0.054419092578022556,0.7419354838709677,0.10375948993475269,1.7280182294645838,0.8335955940204564,13.533333333333333,0.13991680161420367
41,6.571428571428571,4.2785714285714285,5,3,2.8637204522096606,0.14407294832826747,0.39269784172655875,0.047276464542651594,0.8,0.09409228841494853,1.7051010172451133,0.8611510791366906,13.933333333333334,0.1448887935147442
42,6.176470588235294,4.242647058823529,5,3,2.885294117647059,0.12755344418052256,0.3893772694262367,0.0457516339869281,0.7647058823529411,0.09071342946318685,1.7443418238961104,0.8249455337690632,13.533333333333333,0.16091030902890868
43,6.149253731343284,4.231343283582089,5,3,2.8624172371226573,0.11607786589762076,0.3924063891070469,0.0462349904612277,0.7611940298507462,0.09647960553021437,1.724928026865957,0.8646616541353384,13.6,0.15158839723582024
44,6.357723577235772,4.1138211382113825,5,3,2.797814207650273,0.1577820085673489,0.40219467768444733,0.052112488337998135,0.7235772357723578,0.10245269609923685,1.7369039344479196,0.8481940557110489,13.413793103448276,0.1674571520615191
45,6.372093023255814,4.093023255813954,5,3,2.779312015503876,0.12352106010411737,0.40207929586559,0.049781976744186045,0.8294573643410853,0.11107669364143168,1.7148497266673233,0.8495639534883721,13.928571428571429,0.14376344474431912
46,6.909090909090909,4.151515151515151,5,3,2.757575757575758,0.13196125907990314,0.4076779242809286,0.0527411519777932,0.8181818181818182,0.0856255631877457,1.696777910097326,0.8542678695350451,14.0,0.1570812617254115
47,6.183206106870229,4.221374045801527,5,3,2.890546095126248,0.1426553672316384,0.3895811313368147,0.04756312389900176,0.7557251908396947,0.0903822065423604,1.7345707907239645,0.8513211978860834,13.5,0.15095083829486677
48,6.195488721804511,4.43609022556391,6,3,2.9564821143768514,0.18087035358114234,0.38362383230799857,0.04693552061973114,0.7368421052631579,0.08920678469611551,1.7449802065628035,0.8677375256322625,13.766666666666667,0.1766776119109157
49,6.456692913385827,4.15748031496063,5,3,2.8390201224846896,0.17951517798645994,0.3973878265216395,0.051243594550681164,0.6692913385826772,0.09573268984919019,1.7327967630036518,0.8455193100862393,13.551724137931034,0.18146280575140442
50,6.592,4.112,5,3,2.7611612903225806,0.1535571730453158,0.4065204301074874,0.05316129032258064,0.824,0.08737055706302212,1.706924693623192,0.8496774193548388,14.068965517241379,0.14213982753614238
51,6.409836065573771,4.278688524590164,5,3,2.8169624712098633,0.1567334516865331,0.40068644718417684,0.05297385178160141,0.7622950819672131,0.14562674866124006,1.7324491082214035,0.8731879149166779,13.074074074074074,0.1511103235161958
52,6.639344262295082,3.9672131147540983,5,3,2.742446822923723,0.1579631635969664,0.4093460687350078,0.05487061373797589,0.7868852459016393,0.0922049640019082,1.6917083180064254,0.8475816285056226,13.653846153846153,0.18096185388900168
53,6.699186991869919,4.186991869918699,5,3,2.766226842596295,0.12243470149253731,0.40733484384020885,0.05491136878581901,0.7723577235772358,0.08931925861568282,1.7201523914395271,0.8640543782487006,13.033333333333333,0.1228700489920035
54,6.6141732283464565,4.133858267716535,5,3,2.7916510436195474,0.14791143574526364,0.40239345081861055,0.05249343832020997,0.8110236220472441,0.0861656759619254,1.705409853429157,0.850018747656543,13.966666666666667,0.1334044032321708
55,6.0,4.3858267716535435,5,3,2.9786276715410573,0.18541321335543454,0.3811502728825232,0.047619047619047616,0.6377952755905512,0.132605635404969,1.815037426673815,0.8708911386076741,14.444444444444445,0.15628160724766615
56,6.424242424242424,4.2727272727272725,5,3,2.8347212583853807,0.14120667522464697,0.3967499421697382,0.04904001850566736,0.7121212121212122,0.09349509826155387,1.6955140248335612,0.8653712699514227,13.933333333333334,0.14569915314760845
57,7.19672131147541,4.024590163934426,5,3,2.668202140631351,0.15616608138814295,0.41965632479786835,0.05947703563202818,0.8524590163934426,0.09656981372841197,1.6549649171960878,0.8013819265682157,13.733333333333333,0.1451897458208484
58,6.316666666666666,4.191666666666666,5,3,2.7404761904761905,0.11306941431670282,0.4083029878617851,0.0530812324929972,0.7916666666666666,0.0816167232713902,1.6775976375146129,0.8341736694677871,13.25,0.11183524548523735
59,6.370967741935484,4.169354838709677,5,3,2.7987149226330974,0.1220414201183432,0.40184675233845457,0.05179648570679255,0.7419354838709677,0.09880427194871312,1.6868476538059796,0.8430369787568843,14.185185185185185,0.15084931361768747
60,6.2063492063492065,4.238095238095238,5,3,2.83784126984127,0.14472064976618262,0.39686560846557334,0.049650793650793654,0.753968253968254,0.11674693062979788,1.7548340715610995,0.8657777777777778,13.620689655172415,0.15091861644411747
61,6.573643410852713,4.038759689922481,5,3,2.7653827519379846,0.13178294573643412,0.40487120478031097,0.05135658914728682,0.7364341085271318,0.10678348070789277,1.6951863359619197,0.8519864341085271,15.115384615384615,0.14118208416970024
62,6.883333333333334,4.083333333333333,5,3,2.7452380952380953,0.17133550488599347,0.41051587301584413,0.05784313725490196,0.8,0.08306624750347827,1.712896085948071,0.8429971988795518,13.9,0.1692504066951965
63,5.925925925925926,4.362962962962963,5,3,2.946047540077391,0.14342040413997043,0.3820103187764449,0.04422332780541736,0.7111111111111111,0.11176171718147435,1.762828662108529,0.844555002763958,13.241379310344827,0.1199270873538313
64,6.449275362318841,4.231884057971015,5,3,2.8227017877922354,0.13647746243739567,0.39614584435269923,0.04707500264466307,0.782608695652174,0.09152365878397577,1.7134184254109983,0.8455516767163863,14.5,0.1390229172113417
65,6.703125,4.1875,5,3,2.8047490157480315,0.1424968474148802,0.401954150262424,0.052780511811023625,0.7734375,0.10399636044488245,1.684036123192962,0.8500246062992126,14.178571428571429,0.16640088794993607
66,6.031746031746032,4.214285714285714,5,3,2.824634920634921,0.14015151515151514,0.3969396825396476,0.04825396825396826,0.7380952380952381,0.11566231436722561,1.768401236978837,0.8433015873015873,13.96,0.1611637349153578
67,6.459016393442623,4.114754098360656,5,3,2.743530686898794,0.1302158273381295,0.40882897529690204,0.05338030077225308,0.7950819672131147,0.10144046955770453,1.7272260062020135,0.8614008941877794,14.615384615384615,0.17788597790911792
68,6.488888888888889,4.140740740740741,5,3,2.749917081260365,0.11954585930543188,0.4042915054357269,0.048424543946932005,0.8222222222222222,0.11814680558681917,1.7161908582983367,0.8308457711442786,14.0,0.11495895389084237
69,7.223140495867769,3.909090909090909,5,3,2.691184573002755,0.16445080793618327,0.41710055096415216,0.06019283746556474,0.859504132231405,0.08457671348488204,1.6804494325670114,0.8147382920110193,14.137931034482758,0.1695003090536253
70,5.754098360655738,4.442622950819672,5,3,2.9646389378133042,0.15498154981549817,0.3830826897890753,0.04755453190624576,0.6639344262295082,0.10469593927559767,1.7756456120539024,0.8623492751659667,13.148148148148149,0.18773812738667678
71,7.2,4.183333333333334,5,3,2.7212885154061626,0.1741283676703645,0.4161204481792373,0.06050420168067227,0.7333333333333333,0.11235501543133859,1.7631979703147804,0.8095238095238095,14.466666666666667,0.20821369522861063
72,6.198347107438017,4.12396694214876,5,3,2.7980716253443525,0.14517459444597194,0.40099632690538894,0.05165289256198347,0.8181818181818182,0.14805501993119452,1.7465343596921818,0.8668044077134986,13.444444444444445,0.22376579588560072
73,6.5,4.169354838709677,5,3,2.785470757933386,0.12954876273653565,0.4044802867383159,0.052845528455284556,0.7903225806451613,0.08496558175013204,1.6960397690941629,0.8712300026226069,13.0,0.14623852862385117
74,6.411764705882353,4.492647058823529,6,4,2.8893246187363832,0.12084660901228948,0.39102396514156057,0.04749455337690632,0.7941176470588235,0.09049370776973088,1.8018544262161449,0.8318082788671024,13.689655172413794,0.14045681931173842
75,6.1692307692307695,4.184615384615385,5,3,2.8171735241502684,0.12033511043412033,0.39718545020866236,0.047823494335122244,0.7692307692307693,0.10624561557111753,1.7029450603047167,0.8490161001788908,13.321428571428571,0.14196948227211387
76,6.129496402877698,4.079136690647482,5,3,2.9387967886560316,0.18303030303030304,0.38207520939764916,0.04441664060056303,0.6690647482014388,0.12731527664781467,1.7704859423453922,0.853404233135231,14.814814814814815,0.17481246844237994
77,6.114285714285714,4.25,5,3,2.8590955806783147,0.10385177961969771,0.3901524494689379,0.04398766700924974,0.7928571428571428,0.08834083953187685,1.7267500627993635,0.8655704008221994,14.206896551724139,0.09900545682279428
78,6.390243902439025,4.162601626016261,5,3,2.8248700519792083,0.1774982529699511,0.3984850504242402,0.05237904838064774,0.7154471544715447,0.10804323406432939,1.7251193068802166,0.8543249366919898,13.066666666666666,0.1510633790327007
79,6.403100775193798,4.24031007751938,5,3,2.9095203488372094,0.18144640551011623,0.3897428133074513,0.05002422480620155,0.6589147286821705,0.11518153160851693,1.7699315446907409,0.858890503875969,13.413793103448276,0.16371450503207602
80,6.479338842975206,4.1735537190082646,5,3,2.8075757575757576,0.19131428571428571,0.4017493112947338,0.05399449035812672,0.7355371900826446,0.10549706182953893,1.7101910013721509,0.8338842975206612,13.962962962962964,0.17220019781254897
81,6.761904761904762,4.214285714285714,5,3,2.7826031746031745,0.12649379932356258,0.4061037037036633,0.05409523809523809,0.7936507936507936,0.09667650363421379,1.741407014807691,0.8253968253968254,13.566666666666666,0.16201390577087163
82,6.466165413533835,4.203007518796992,5,3,2.8332194121667804,0.12026286966046003,0.3973912052858931,0.048986101617680564,0.7218045112781954,0.10251916097051826,1.7408766085364094,0.8347003873319663,13.833333333333334,0.12434674029101271
83,6.650406504065041,4.121951219512195,5,3,2.7053178728508596,0.12444340285915163,0.41381225287658807,0.054511528721844595,0.7967479674796748,0.10228841300270239,1.7545113238561743,0.8523257363721178,14.576923076923077,0.1701867547060888
84,6.876923076923077,3.9692307692307693,5,3,2.702921884317233,0.11558441558441558,0.4127429934406188,0.05330948121645796,0.8384615384615385,0.09234703583339247,1.66801815199627,0.8456768038163387,13.766666666666667,0.1694563138927896
85,6.796875,4.1171875,5,3,2.6993110236220472,0.10825769315917644,0.413882053805732,0.05351870078740158,0.8203125,0.07811510953912704,1.6946268169370537,0.8487942913385826,13.666666666666666,0.140491351736376
86,6.5,4.357142857142857,5,3,2.9409044193216856,0.15934504792332269,0.3849331963000466,0.046762589928057555,0.7285714285714285,0.08514847717143005,1.7350700155298562,0.8360739979445015,13.806451612903226,0.15100581141563216
87,6.01360544217687,4.244897959183674,5,3,2.910912310129531,0.14095805638322256,0.38312055415767576,0.04118907837107446,0.7959183673469388,0.09678262435001075,1.7322264871197361,0.8573292330630883,14.178571428571429,0.15239373042024465
88,6.340740740740741,4.185185185185185,5,3,2.8090657822001104,0.10526315789473684,0.39832872673663827,0.04731896075179657,0.8074074074074075,0.09981842044783322,1.738017675087647,0.8300718629076838,14.172413793103448,0.11841872926529388
89,6.183206106870229,4.061068702290076,5,3,2.8786846741045213,0.17541924095322153,0.39022705030334454,0.04756312389900176,0.7480916030534351,0.10557738155269941,1.7758691743969393,0.8573106283029948,14.52,0.15830721741349152
90,5.936,4.24,5,3,2.830967741935484,0.11538461538461539,0.3958365591397477,0.047870967741935486,0.728,0.13504028609558016,1.7394806169053587,0.8340645161290322,13.423076923076923,0.15222530354874786
91,6.516666666666667,4.025,5,3,2.764705882352941,0.16540317022742937,0.4066619981325573,0.05476190476190476,0.725,0.1036643188171689,1.7277611959483599,0.8287114845938376,13.586206896551724,0.17993907636002224
92,6.655737704918033,4.098360655737705,5,3,2.7462403468364722,0.13230994152046785,0.4092647789368788,0.055006096734859775,0.7950819672131147,0.09506228669206178,1.7161807513187215,0.8379623357268663,12.96551724137931,0.13898110965951124
93,5.984732824427481,4.33587786259542,5,3,2.9735760422783324,0.1578202406227884,0.38173027989817554,0.04603640634174985,0.648854961832061,0.11228305119310426,1.7835654173862434,0.8827950675278919,13.689655172413794,0.14558589420454288
94,6.108527131782946,4.286821705426356,5,3,2.872577519379845,0.1288480635551142,0.3921006944444066,0.047722868217054265,0.7364341085271318,0.08851617466462441,1.7376484765701667,0.8513808139534884,13.833333333333334,0.13767172483157486
95,6.271428571428571,4.2,5,3,2.8603288797533404,0.14335360556038226,0.39100719424454417,0.04511819116135663,0.7571428571428571,0.1176097632786382,1.7294549177558216,0.8896197327852005,13.827586206896552,0.13892525992093718
96,6.496,4.256,5,3,2.8025806451612905,0.1617873651771957,0.40093763440856467,0.05238709677419355,0.752,0.12202390380248755,1.7449042743832608,0.8313548387096774,13.466666666666667,0.1548000956677563
97,5.983606557377049,4.221311475409836,5,3,2.864381520119225,0.16989914662529093,0.39316939890707964,0.04945129386262024,0.7459016393442623,0.10867916427213645,1.7499288078331754,0.8887684595583254,14.192307692307692,0.15900621995617992
98,5.923076923076923,4.3307692307692305,5,3,2.87489564698867,0.1300877893056664,0.39052872192403104,0.045915324985092425,0.7769230769230769,0.10725215348225843,1.7032352527183843,0.8723911747167561,12.758620689655173,0.17179333408113714
99,7.385714285714286,4.15,5,3,2.744912641315519,0.13921929971519517,0.4084138403562188,0.05313463514902364,0.8,0.07793409890251715,1.6908348267668467,0.8324768756423433,14.205882352941176,0.12871804247094493
100,7.576642335766423,4.211678832116788,5,3,2.734650064405324,0.15146985550572994,0.4117611278087268,0.05571060541004723,0.781021897810219,0.08226307508389065,1.6928049433522612,0.8074280807213396,13.529411764705882,0.16647985588850062
101,6.437956204379562,4.233576642335766,5,3,2.8651781880635467,0.15109187487704112,0.3921192929726052,0.04733791326749678,0.6934306569343066,0.0913134434389051,1.7142919234292933,0.8783812795191069,13.766666666666667,0.16303545982379286
102,6.466666666666667,4.293333333333333,5,3,2.8748993288590605,0.1172239502332815,0.3890082028336707,0.043400447427293064,0.78,0.08370492192512374,1.740593590686956,0.8615659955257271,13.342857142857143,0.12343467285715443
103,6.267716535433071,4.0,5,3,2.8158980127484066,0.15081967213114755,0.39874182393863716,0.049743782027246594,0.6692913385826772,0.1057021426789847,1.7391502369394047,0.8416447944007,13.7,0.19576851873831905
104,7.076923076923077,4.084615384615384,5,3,2.7478831246273105,0.15260049533244427,0.40948916716353295,0.054859868813357186,0.7692307692307693,0.07707372527612859,1.7232367219449025,0.8589147286821706,14.793103448275861,0.14486203848648313
105,7.083333333333333,4.025,5,3,2.734313725490196,0.15642578970142795,0.41326097105506027,0.05952380952380952,0.8166666666666667,0.06446707742977806,1.7195471400895566,0.8404761904761905,13.0,0.1277138902952386
106,7.388888888888889,4.236111111111111,5,3,2.7566045066045066,0.12655086848635236,0.4070270007769445,0.05167055167055167,0.8194444444444444,0.07168338963847262,1.6770182108411709,0.7959401709401709,14.055555555555555,0.1179639889970739
107,6.566929133858268,4.05511811023622,5,3,2.822647169103862,0.1712538226299694,0.3991521893096277,0.05211848518935133,0.6456692913385826,0.10056749265040921,1.7192967646045219,0.8453943257092863,14.033333333333333,0.2368458551734622
108,6.447761194029851,4.2611940298507465,5,3,2.8175288968690384,0.11181301326595072,0.3988703101035641,0.04847940747390865,0.7313432835820896,0.10564255260742944,1.7470513246736592,0.871058242621479,14.392857142857142,0.16022792733477004
109,6.7936507936507935,4.087301587301587,5,3,2.738031746031746,0.13786531130876747,0.40959788359783705,0.05434920634920635,0.7777777777777778,0.0937439481173781,1.705652887639656,0.8413968253968254,14.5,0.15323316507842946
110,7.046511627906977,4.238372093023256,5,3,2.8846729226166192,0.12483161203412663,0.3863026429122342,0.041207670338637294,0.8023255813953488,0.10009983263530794,1.7854864670037849,0.8386372909016728,14.0,0.11729714523349341
111,7.203125,4.03125,5,3,2.684055118110236,0.146948003014318,0.4165395341206847,0.05671751968503937,0.8359375,0.06859311910684332,1.6747749618390966,0.8419045275590551,15.206896551724139,0.15085631084595735
112,5.544715447154472,4.211382113821138,5,3,2.9168332666933225,0.153713298791019,0.38539917366383986,0.045448487271757966,0.6504065040650406,0.13326344251637784,1.7704141628510726,0.8500599760095962,14.590909090909092,0.1799020070701572
113,6.519685039370079,4.2047244094488185,5,3,2.7892763404574428,0.14839758476544357,0.401887264091946,0.05174353205849269,0.8110236220472441,0.08961137454782633,1.7311048852019244,0.8572678415198101,13.75,0.14314368183343998
114,6.818897637795276,4.2362204724409445,5,3,2.803524559430071,0.16704900938477582,0.40332458442691077,0.05411823522059742,0.7795275590551181,0.10810649207401453,1.7821032132017605,0.8126484189476315,13.933333333333334,0.16686040511211728
115,7.052631578947368,4.276315789473684,5,3,2.8414081561519695,0.1207572914889988,0.3948109097246193,0.04670616939700244,0.8026315789473685,0.08486263924339792,1.739204604549594,0.8354827466016034,13.210526315789474,0.10697911345845669
116,6.542857142857143,4.178571428571429,5,3,2.793011305241521,0.10768261964735516,0.3998372730386503,0.04707091469681398,0.8,0.09184051241374674,1.7042063583954579,0.832065775950668,14.033333333333333,0.1310391965317222
117,5.967213114754099,4.327868852459017,5,3,2.9261617666982795,0.1601541001651073,0.3870049225488633,0.04931581086573635,0.6967213114754098,0.12642815489843778,1.767221291951836,0.8567944722937272,13.033333333333333,0.14686642269687247
118,6.956521739130435,4.329192546583851,5,3,2.8819875776397517,0.10802047781569966,0.38871118012423506,0.043478260869565216,0.7888198757763976,0.07367834198673803,1.685354513424004,0.8434782608695652,12.666666666666666,0.11738664995930888
119,5.723076923076923,4.230769230769231,5,3,2.9158020274299346,0.15060240963855423,0.38469489167159426,0.0443649373881932,0.6615384615384615,0.13163121542575215,1.7654347386239335,0.8449612403100775,13.64,0.1519200205039718
120,6.677685950413223,4.231404958677686,5,3,2.744214876033058,0.14727011494252873,0.4097107438016233,0.05564738292011019,0.859504132231405,0.09162258668374086,1.704266654550613,0.8315426997245179,14.346153846153847,0.1765143573118686
121,6.8264462809917354,4.214876033057851,5,3,2.731542699724518,0.14174894217207334,0.41188246097333664,0.0568870523415978,0.8016528925619835,0.0816219367966176,1.697751952200603,0.8516528925619835,13.233333333333333,0.14810261504555106
122,6.929133858267717,3.9921259842519685,5,3,2.704411948506437,0.12382978723404256,0.4132650085405549,0.05499312585926759,0.8031496062992126,0.10743021548555245,1.7226890671316524,0.8230221222347207,13.366666666666667,0.12223649648071426
123,7.197604790419161,4.335329341317365,5,3,2.8676141692518575,0.13373597929249353,0.38993338623960544,0.04335906500252507,0.7964071856287425,0.06587588136746175,1.7069533305551972,0.8533294856070991,14.05,0.1186191841724265
124,6.677165354330708,4.15748031496063,5,3,2.7496562929633797,0.16091954022988506,0.40720326625834474,0.052993375828021494,0.8188976377952756,0.097546076248789,1.7105635138735402,0.8618922634670666,13.964285714285714,0.14182854073427137
125,6.467741935483871,4.241935483870968,5,3,2.7920272751114608,0.11798597194388778,0.4038202640090599,0.05258326776816155,0.7741935483870968,0.08589615809066935,1.7420396004811947,0.8497246262785209,13.3,0.14522468361961385
126,6.039735099337748,4.364238410596027,5,3,2.9568211920529803,0.12980186008896077,0.3793612950698584,0.040264900662251656,0.6754966887417219,0.09415703672412386,1.7671509697931558,0.8296688741721854,14.75,0.1351411208768703
127,5.896296296296296,4.222222222222222,5,3,2.8567164179104476,0.13500364874726345,0.39049935507642086,0.04400221116639027,0.7851851851851852,0.1374962228344912,1.7646867176591907,0.8067440574903262,13.607142857142858,0.14058792423405092
128,6.873563218390805,4.442528735632184,5,4,2.9540894292738025,0.13718042366691016,0.3787101632228784,0.039731579297056674,0.7471264367816092,0.08000506830424839,1.709171881815713,0.8626004916616836,13.512195121951219,0.12018196900609371
129,6.737704918032787,4.147540983606557,5,3,2.7372984690421354,0.1443345323741007,0.4110644447454868,0.05568351171927923,0.7868852459016393,0.1133303073941262,1.7427060355563067,0.8256333830104322,14.035714285714286,0.17488747617907843
130,7.271317829457364,4.093023255813954,5,3,2.732800387596899,0.15124195032198712,0.41219315245473,0.056807170542635656,0.7596899224806202,0.09109889788054278,1.6953854254787835,0.8439922480620154,13.566666666666666,0.1992194118774041
131,7.088,3.984,5,3,2.7023225806451614,0.12419974391805377,0.41500645161286004,0.057161290322580646,0.824,0.10952783063949086,1.70364543862959,0.840516129032258,13.333333333333334,0.13834441247498444
132,6.130434782608695,4.304347826086956,5,3,2.901089601184809,0.09163636363636364,0.3875224796360426,0.04474769914312916,0.7391304347826086,0.11577387828552248,1.784841851595055,0.8568708346556648,13.133333333333333,0.09996005220691068
133,6.424657534246576,4.301369863013699,5,3,2.9143127066603682,0.15331010452961671,0.3856589513461813,0.04430798299480397,0.7602739726027398,0.1213480979715974,1.7527038782285977,0.863675011809164,14.2,0.1485033715179091
134,6.977443609022556,4.150375939849624,5,3,2.763613579403053,0.135253227408143,0.40618971671597753,0.05285942128047391,0.7969924812030075,0.07146451237931221,1.6880112962752227,0.8354978354978355,13.9,0.15730360775778138
135,6.215827338129497,4.16546762589928,5,3,2.8555937858408926,0.11873350923482849,0.3917874396134668,0.045042227087894904,0.762589928057554,0.08061224393464043,1.703518088253093,0.8669586070274216,13.892857142857142,0.13459599841908967
136,6.666666666666667,4.125,5,3,2.7554621848739496,0.14006439742410304,0.40940242763768764,0.056022408963585436,0.725,0.09420210860069463,1.693029476136765,0.8624649859943978,14.214285714285714,0.1343666448849538
137,6.671875,4.125,5,3,2.7754675196850394,0.1770573566084788,0.40404363517055686,0.052534448818897635,0.75,0.09346958951846096,1.6917887781476812,0.8459645669291339,13.793103448275861,0.1541022944068651
138,6.403100775193798,4.232558139534884,5,3,2.780765503875969,0.12755224597645928,0.40188347868212887,0.05002422480620155,0.8449612403100775,0.10053846125140044,1.7080418104055586,0.8185562015503876,13.275862068965518,0.16214877085371582
139,7.025906735751295,4.3782383419689115,5,3,2.9676705526770295,0.11181818181818182,0.37588604634437583,0.03659326424870466,0.7823834196891192,0.07446125196945363,1.730185507770911,0.8528713298791019,13.340909090909092,0.1019317716434974
140,7.090909090909091,3.925619834710744,5,3,2.675619834710744,0.15408415841584158,0.41851010101006264,0.05909090909090909,0.7933884297520661,0.11846089477272122,1.6595104053051197,0.7672176308539945,13.9,0.1517554299916916
141,6.48062015503876,4.046511627906977,5,3,2.810198643410853,0.1410120686004658,0.39997981266145194,0.05062984496124031,0.7131782945736435,0.1015407741849003,1.7381435797726208,0.8192829457364341,14.133333333333333,0.1683531891507978
142,6.646766169154229,4.437810945273632,5,3,3.007910447761194,0.10226786478391099,0.3695572139304583,0.033233830845771146,0.8109452736318408,0.059354973412167805,1.740182151741694,0.8716417910447761,13.511111111111111,0.11067469126528427
143,5.5,4.233333333333333,5,3,2.892436974789916,0.1724137931034483,0.38824463118578534,0.046218487394957986,0.675,0.1247130858121947,1.7540932623399539,0.8270308123249299,14.521739130434783,0.24661530303371845
144,7.178947368421053,4.342105263157895,5,3,2.911779448621554,0.10603715170278638,0.38192518332878567,0.0379838485101643,0.7947368421052632,0.07551977431908034,1.7072443264634451,0.8148705096073517,13.866666666666667,0.1109568811986133
145,5.850746268656716,4.276119402985074,5,3,2.9070811356750084,0.149041873669269,0.38644746193838486,0.04399057344854674,0.7238805970149254,0.13226266511571305,1.7685021830052083,0.8795870272696668,14.653846153846153,0.18759542710833488
146,6.711111111111111,4.207407407407407,5,3,2.7899391929242676,0.10927152317880795,0.40163073521277015,0.050082918739635156,0.8074074074074075,0.10513860472454314,1.709131349999327,0.8390270867882809,13.566666666666666,0.12726798337268583
147,6.525547445255475,4.291970802919708,5,3,2.8295405753542293,0.14825205006473888,0.3956275941032803,0.04798196650923143,0.7956204379562044,0.10292361045930302,1.7092199059425681,0.7874624302275655,13.928571428571429,0.15286244566856375
148,6.311688311688312,4.142857142857143,5,3,2.903828197945845,0.13838458688403113,0.3838652632769999,0.04125286478227655,0.7272727272727273,0.08713789037750297,1.7066825395329648,0.8483150836092013,14.4,0.1578469060915987
149,5.866666666666666,4.158333333333333,5,3,2.838235294117647,0.14422265954456,0.3960620915032431,0.04929971988795518,0.7333333333333333,0.12756637400938392,1.7398140455986262,0.8418767507002801,13.461538461538462,0.17754675821098556
150,7.008130081300813,4.0,5,3,2.706384113021458,0.1374094588836813,0.41539384246297406,0.05744368919099027,0.8048780487804879,0.08430341795993829,1.7328208130605447,0.8576569372251099,14.0,0.15425801000901845
151,6.109375,4.296875,5,3,2.859005905511811,0.15051647811116575,0.3928805774277823,0.04810531496062992,0.75,0.12208535450109169,1.7689351972642904,0.8513779527559056,14.038461538461538,0.177452855094109
152,6.297520661157025,4.099173553719008,5,3,2.7696969696969695,0.13070701800156537,0.4044375573920747,0.052479338842975204,0.7768595041322314,0.09437503460178505,1.7273893461773326,0.8622589531680441,13.321428571428571,0.17704603106091807
153,6.770491803278689,4.204918032786885,5,3,2.7607370275030485,0.15556060950648168,0.40874316939887284,0.05595447771304701,0.7786885245901639,0.09304424765132513,1.689824538953,0.8387752337081696,13.821428571428571,0.21631186892878268
154,6.97979797979798,4.3686868686868685,5,4,2.9810285597087627,0.11240409207161126,0.37430651694621997,0.03543044659795929,0.7424242424242424,0.04901291075677713,1.6988112155392383,0.8568425370455828,13.666666666666666,0.11462350057946188
155,6.595041322314049,4.214876033057851,5,3,2.7420110192837464,0.12033725089422585,0.41001147842053803,0.05495867768595041,0.8016528925619835,0.09457697301105708,1.719547021647068,0.8608815426997245,13.066666666666666,0.13687523825246842
156,7.326829268292683,4.341463414634147,5,3,2.9061692969870876,0.09278350515463918,0.3811533556513352,0.03591582974653276,0.848780487804878,0.06472756731841116,1.6948218286013583,0.8332855093256815,13.9375,0.10325379465995685
157,6.796296296296297,4.421296296296297,5,4,3.007665805340224,0.09730520668211194,0.3686139821993541,0.03161068044788975,0.7870370370370371,0.05530877552895992,1.718353141408706,0.8330318690783807,13.428571428571429,0.09398201046909997
158,6.434108527131783,4.0852713178294575,5,3,2.8462936046511627,0.17124463519313304,0.3953871931524132,0.05026647286821705,0.7674418604651163,0.09316479898128331,1.754288001412507,0.8684593023255814,14.285714285714286,0.16480660852318604
159,6.257575757575758,4.106060606060606,5,3,2.7890353920888273,0.11546585308613001,0.40018505667355725,0.047767753874624105,0.7878787878787878,0.09397189263255795,1.7056176460817407,0.844089752486699,14.153846153846153,0.165190157759073
160,6.555555555555555,4.222222222222222,5,3,2.7445079365079366,0.11416646206727228,0.40782433862429956,0.052444444444444446,0.8333333333333334,0.11236744090322419,1.7062495689032358,0.8556190476190476,13.413793103448276,0.1411069722944999
161,6.585365853658536,4.040650406504065,5,3,2.7455684392909503,0.14051684356252883,0.4082566973210303,0.053978408636545384,0.7398373983739838,0.10276747085313338,1.7222560123972734,0.8383313341330134,13.379310344827585,0.14219259044557586
162,5.7952755905511815,4.2047244094488185,5,3,2.897012873390826,0.14988411022405357,0.3882014748156142,0.045994250718660167,0.6771653543307087,0.12285700963746654,1.7490654633452365,0.8848893888263967,14.307692307692308,0.14818225214785521
163,6.463768115942029,4.340579710144928,5,3,2.928911456680419,0.16017868538608807,0.3862883035367449,0.04718078916746007,0.7898550724637681,0.0919509023385803,1.7481443385996984,0.8467153284671532,13.8,0.17063171913911826
164,6.528,4.304,5,3,2.8367741935483872,0.18045112781954886,0.3983397849462006,0.05264516129032258,0.736,0.08639270016521591,1.8001190450166706,0.8499354838709677,14.413793103448276,0.1528464831895643
165,7.159420289855072,4.478260869565218,5,4,3.035082782233479,0.11585579278963948,0.3688265090756924,0.03475446742648093,0.7777777777777778,0.06731731220811159,1.7654133639850844,0.8811969419820834,13.019607843137255,0.0996695461187894
166,6.303030303030303,4.257575757575758,5,3,2.7981725653481377,0.12508833922261484,0.3994679620633327,0.0481147351376359,0.7954545454545454,0.08873645420153521,1.7197277445918249,0.8755493869997687,13.857142857142858,0.1613368741763257
167,6.783333333333333,4.066666666666666,5,3,2.753641456582633,0.16389388489208634,0.40907096171798785,0.05700280112044818,0.7583333333333333,0.1306701193316438,1.7200633343407559,0.8400560224089636,13.379310344827585,0.16967856544201243
168,7.056910569105691,4.0894308943089435,5,3,2.727442356390777,0.17280285035629453,0.4126149540183536,0.05784352925496468,0.7560975609756098,0.07591176409210454,1.681907649433369,0.827802212448354,14.333333333333334,0.15993194361815152
169,5.968,4.248,5,3,2.862967741935484,0.17294024743353514,0.39188172043007236,0.048129032258064516,0.72,0.12046807862166813,1.7925755727877495,0.8561290322580645,12.931034482758621,0.19012457095824079
170,6.2015503875969,4.209302325581396,5,3,2.8243701550387597,0.15735694822888283,0.3970708171834244,0.04844961240310078,0.7364341085271318,0.11275606888007256,1.7432539315963433,0.8710029069767442,13.7,0.16280604905804158
171,7.467889908256881,4.353211009174312,5,4,2.9553545004861963,0.09540636042402827,0.376110852746035,0.03441423920855705,0.7889908256880734,0.06875091289097407,1.7380973759077796,0.8131738045913838,13.76923076923077,0.07668622968220783
172,7.00763358778626,4.129770992366412,5,3,2.7240164415736934,0.12484921592279856,0.4109669211195414,0.053904873752201994,0.8549618320610687,0.08441119961061769,1.6806554949292238,0.813270698766882,14.148148148148149,0.13622801030087023
173,6.2439024390243905,4.2439024390243905,5,3,2.817672930827669,0.1408379606259465,0.39965347194452217,0.05117952818872451,0.7723577235772358,0.09719873165277054,1.7138007208483794,0.8328668532586965,13.592592592592593,0.1825538184589838
174,6.7,4.0,5,3,2.7676470588235293,0.17365010799136069,0.4073809523809203,0.05630252100840336,0.6416666666666667,0.14339171889241611,1.7377092434957169,0.8380952380952381,13.733333333333333,0.18777492088900696
175,5.704918032786885,4.262295081967213,5,3,2.87535564286682,0.13357400722021662,0.3913607008986808,0.047148082915594094,0.7377049180327869,0.12767511984551327,1.7318164439154704,0.8207559951226121,13.423076923076923,0.13209782219844138
176,6.589147286821706,4.24031007751938,5,3,2.7908187984496124,0.1213546566321731,0.40264454134362304,0.051477713178294575,0.813953488372093,0.09956618760961168,1.6692318316988468,0.830062984496124,13.814814814814815,0.15258059335458712
177,6.798245614035087,4.469298245614035,5,4,3.0816910116701446,0.10594606792282522,0.3607613932040737,0.029948218564031223,0.7368421052631579,0.05563993902000807,1.7639894165227337,0.8610402658628952,13.351851851851851,0.11870831960604424
178,5.640287769784172,4.302158273381295,5,3,2.944218538212908,0.11452095808383234,0.3808466270461357,0.04087165050568241,0.6834532374100719,0.13672535845879438,1.7577435695995738,0.8474611615055782,13.962962962962964,0.15151361854881493
179,7.444444444444445,4.023809523809524,5,3,2.649142857142857,0.13825146975156458,0.42268783068778376,0.059555555555555556,0.8174603174603174,0.09411857940455215,1.6669836173869044,0.8544761904761905,13.833333333333334,0.14075116472569635
180,5.955223880597015,4.268656716417911,5,3,2.8887891370216585,0.09003783102143757,0.38950173942313676,0.04477611940298507,0.746268656716418,0.14653658499966984,1.8278117244888024,0.8571428571428571,14.0,0.12269559190379621
181,5.937984496124031,4.255813953488372,5,3,2.879360465116279,0.15531969971524723,0.38978318798445827,0.04639050387596899,0.7906976744186046,0.09669184285818683,1.7298526644222425,0.846656976744186,13.518518518518519,0.17350087891428273
182,7.068702290076335,4.152671755725191,5,3,2.7258954785672342,0.1440329218106996,0.4108377373262316,0.0543746330005872,0.7938931297709924,0.11713731861224522,1.7178530526371523,0.8321785085143864,13.733333333333333,0.13810852299325221
183,7.008474576271187,4.546610169491525,5,4,3.0394879192210604,0.09809084924292298,0.36401129943504346,0.029823296069239093,0.8220338983050848,0.048224593113674254,1.7285079413282458,0.8434908041831951,13.290909090909091,0.08457074337871308
184,6.905027932960894,4.346368715083799,5,4,2.885317933588601,0.10757341576506955,0.3848502918838167,0.03879229175820727,0.8603351955307262,0.062171570063772004,1.7044598813561522,0.835666310966041,13.525,0.10736266155227997
185,6.333333333333333,4.427536231884058,5,3,2.920660107902253,0.16598227793386644,0.38676610599804345,0.046228710462287104,0.7608695652173914,0.07340173784369668,1.7187775401236576,0.8540145985401459,13.866666666666667,0.1649530929208063
186,7.46046511627907,4.358139534883721,5,4,2.941664855466203,0.09183673469387756,0.3769789176267007,0.03486198652466855,0.8651162790697674,0.05873518056528394,1.7202225118965115,0.8395131493153662,13.037037037037036,0.08836277495894995
187,6.3,4.291666666666667,5,3,2.8532212885154062,0.1880191291215706,0.3964985994397535,0.052941176470588235,0.7333333333333333,0.1018045076218818,1.7482568072352749,0.8019607843137255,13.178571428571429,0.18148182354047113
188,7.435897435897436,4.401709401709402,5,3,2.9944976339826126,0.10908047076834752,0.3705201570008541,0.03191372290084737,0.8034188034188035,0.05182137498007584,1.7060571451455093,0.8404680679358791,13.857142857142858,0.10865235427085831
189,7.073770491803279,4.450819672131147,5,4,3.0612898873372463,0.07755398671096346,0.36205896242324626,0.029110166632935305,0.8073770491803278,0.04667169915382859,1.7164624160340936,0.8410578155569048,13.456140350877194,0.06624864578896417
190,6.2153846153846155,4.123076923076923,5,3,2.8162194394752533,0.13360323886639677,0.3972689326177215,0.04818127608825283,0.7538461538461538,0.12271460924250892,1.7802232960922542,0.8519976147883125,14.84,0.16762712165504862
191,7.008,4.168,5,3,2.7380645161290325,0.13415384615384615,0.4113978494623212,0.05651612903225806,0.776,0.10224249787597095,1.7276994568996522,0.7990967741935484,14.518518518518519,0.1530584082258143
192,6.921875,4.0546875,5,3,2.7210875984251968,0.15730114760585676,0.4111261482939131,0.05450295275590551,0.765625,0.10764358547166339,1.680347182207867,0.8519931102362205,14.566666666666666,0.17142622835979116
193,6.105263157894737,4.2481203007518795,5,3,2.8677375256322626,0.15488215488215487,0.3908293460924535,0.046251993620414676,0.6992481203007519,0.10530623350458643,1.7199576254895588,0.854978354978355,13.633333333333333,0.14258699755380155
194,6.825396825396825,4.190476190476191,5,3,2.793015873015873,0.15926892950391644,0.4036507936507511,0.054603174603174605,0.7857142857142857,0.11810846474268988,1.688504924467357,0.8328888888888889,12.833333333333334,0.1435648048393146
195,6.462809917355372,4.190082644628099,5,3,2.7705234159779613,0.14037330605983125,0.4062235996326642,0.05385674931129476,0.8016528925619835,0.09718804135202117,1.7840051468056126,0.8225895316804408,12.724137931034482,0.1938977911289679
196,6.5606060606060606,4.3106060606060606,5,3,2.851029377746935,0.13668150031786394,0.3964954892435315,0.050080962294702755,0.7196969696969697,0.09178368004638032,1.7228063221010061,0.8580846634281749,14.366666666666667,0.13434268843426406
197,6.355555555555555,4.207407407407407,5,3,2.824212271973466,0.14298150163220893,0.39648240280075475,0.047429519071310114,0.762962962962963,0.09094845431912522,1.7121490020094585,0.8608070757324489,13.89655172413793,0.15350142025248892
198,6.4475524475524475,4.188811188811189,5,3,2.8377819363734855,0.1016949152542373,0.39418070192712035,0.04540529892642569,0.7762237762237763,0.09214801436505655,1.7406960859684584,0.836009061361174,14.344827586206897,0.13985589867942805
199,6.838235294117647,4.139705882352941,5,3,2.795860566448802,0.159129937034917,0.40076071169202376,0.05065359477124183,0.7647058823529411,0.09244860102235183,1.6864556194430242,0.856644880174292,14.10344827586207,0.16068466114309712
200,6.507246376811594,4.2101449275362315,5,3,2.804506505871152,0.11550599621291815,0.3991096300997352,0.04749814873585105,0.7608695652173914,0.08146551061680626,1.7175496373638806,0.8466095419443563,13.766666666666667,0.13226586395192044
