Id,Label,timeset,type,mentions,avg strength,weight,id dir,indegree,outdegree,Degree,weighted indegree,weighted outdegree,Weighted Degree,Eccentricity,closnesscentrality,harmonicclosnesscentrality,betweenesscentrality,modularity_class,Authority,Hub,componentnumber,strongcompnum,clustering,triangles,eigencentrality
500 Startups,500 Startups,,Habilitador,1,4,0.8,CABA002,0,1,1,0,4,4,5,0.267373,0.279001,0,9,0.011144,0.011145,0,125,0,0,0.024628
54 Ventures,54 Ventures,,Habilitador,2,3,1.2,CABA003,1,8,9,3,28,31,4,0.348694,0.379589,207.040844,9,0.071272,0.071271,0,127,0.238095,5,0.177831
A3,A3,,Habilitador,5,3,3,CABA004,12,14,26,35,43,78,4,0.409009,0.458884,2476.625349,0,0.174522,0.174522,0,124,0.077922,18,0.438523
AAICI,AAICI,,Articulador,6,3.333333,4,CABA005,6,1,7,17,4,21,4,0.368506,0.399046,174.307238,4,0.099379,0.099379,0,124,0.333333,7,0.238617
Acámica,Acámica,,Habilitador,1,2,0.4,CABA008,0,1,1,0,2,2,5,0.271531,0.286344,0,8,0.008572,0.008572,0,128,0,0,0.021641
Acrux Partners,Acrux Partners,,Habilitador,2,1.5,0.6,CABA009,2,0,2,3,0,3,4,0.319269,0.340675,8.246429,1,0.024221,0.024221,0,56,0,0,0.062854
ADIMRA,ADIMRA,,Vinculador,2,2.5,1,CABA010,1,1,2,3,2,5,4,0.294041,0.313142,1.546508,4,0.019203,0.019203,0,124,0,0,0.049691
AGENCIA,AGENCIA,,Articulador,2,3,1.2,CABA012,2,0,2,6,0,6,5,0.27887,0.298458,15.811692,5,0.011454,0.011454,0,44,0,0,0.031354
AHK,AHK,,Vinculador,1,3,0.6,CABA015,1,0,1,3,0,3,5,0.288437,0.305213,0,0,0.014557,0.014557,0,103,0,0,0.036097
Alcaldía de Medellín,Alcaldía de Medellín,,Articulador,1,5,1,CABA017,0,1,1,0,5,5,6,0.262428,0.275918,0,6,0.006153,0.006153,0,129,0,0,0.016764
Amani Institute,Amani Institute,,Habilitador,1,3,0.6,CABA018,1,0,1,3,0,3,5,0.279557,0.29464,0,10,0.00936,0.009361,0,17,0,0,0.02504
Ambiente y Desarrollo Sustentable Argentina,Ambiente y Desarrollo Sustentable Argentina,,Articulador,2,3.5,1.4,CABA019,2,1,3,3,5,8,4,0.319718,0.342878,25.704362,1,0.027417,0.027417,0,124,0.333333,1,0.072089
AMCHAM,AMCHAM,,Vinculador,2,3,1.2,CABA021,2,0,2,6,0,6,4,0.303476,0.324523,1.248961,0,0.034401,0.034401,0,22,0,0,0.079684
ANDE,ANDE,,Articulador,1,5,1,CABA023,0,1,1,0,5,5,6,0.262428,0.275918,0,6,0.006153,0.006153,0,130,0,0,0.016764
ANII,ANII,,Articulador,1,5,1,CABA025,1,0,1,5,0,5,6,0.262428,0.275918,0,6,0.006153,0.006153,0,73,0,0,0.016764
Apertura,Apertura,,Promotor,3,2.666667,1.6,CABA026,3,0,3,8,0,8,5,0.300265,0.327093,35.699034,11,0.022523,0.022524,0,53,0,0,0.05923
ARCAP,ARCAP,,Vinculador,15,3.333333,10,CABA027,12,8,20,39,28,67,4,0.409009,0.451909,1206.501571,9,0.216611,0.21661,0,124,0.175,21,0.522776
Argencon,Argencon,,Vinculador,2,3.5,1.4,CABA028,1,1,2,3,4,7,4,0.303476,0.324523,1.248961,5,0.034401,0.034401,0,124,0,0,0.079684
ASEA,ASEA,,Vinculador,16,2.9375,9.4,CABA029,12,23,35,32,72,104,4,0.453094,0.516153,4033.855273,0,0.2777,0.277701,0,124,0.094474,53,0.682803
ASECH,ASECH,,Vinculador,1,5,1,CABA030,1,0,1,5,0,5,5,0.312242,0.331057,0,0,0.021653,0.021653,0,123,0,0,0.052624
ASELA,ASELA,,Vinculador,1,3,0.6,CABA031,1,0,1,3,0,3,5,0.312242,0.331057,0,0,0.021653,0.021653,0,6,0,0,0.052624
Ashoka,Ashoka,,Habilitador,4,3,2.4,CABA032,3,1,4,9,3,12,4,0.324286,0.355727,100.238719,10,0.038823,0.038824,0,124,0.333333,2,0.103114
AWS,AWS,,Habilitador,2,3,1.2,CABA034,2,0,2,6,0,6,5,0.302264,0.324816,26.649446,8,0.022179,0.02218,0,76,0,0,0.056269
BACE Inversiones,BACE Inversiones,,Habilitador,1,3,0.6,CABA035,0,22,22,0,63,63,4,0.385399,0.435389,2217.411263,9,0.182554,0.182553,0,139,0.084211,16,0.441079
Bairexport,Bairexport,,Vinculador,1,1,0.2,CABA036,0,2,2,0,2,2,5,0.283042,0.300514,0,4,0.009766,0.009766,0,140,1,1,0.027998
BanBif,BanBif,,Habilitador,1,5,1,CABA037,1,0,1,5,0,5,5,0.242521,0.255433,0,3,0.002846,0.002846,0,26,0,0,0.008787
Banco Comafi,Banco Comafi,,Habilitador,1,3,0.6,CABA038,1,0,1,3,0,3,5,0.284461,0.301395,0,10,0.008757,0.008757,0,65,0,0,0.024411
Banco Itaú,Banco Itaú,,Habilitador,1,3,0.6,CABA040,1,0,1,3,0,3,4,0.307172,0.325257,0,1,0.017123,0.017123,0,9,0,0,0.043819
Beccar Varela,Beccar Varela,,Habilitador,3,4.666667,2.8,CABA042,3,0,3,14,0,14,6,0.251942,0.267695,0,2,0.009923,0.009923,0,18,0,0,0.03625
BID,BID,,Habilitador,8,3.75,6,CABA043,8,1,9,27,4,31,4,0.344985,0.379589,556.127145,6,0.077605,0.077606,0,124,0.190476,4,0.197418
Bioguia,Bioguia,,Promotor,1,3,0.6,CABA045,1,0,1,3,0,3,5,0.279557,0.29464,0,10,0.00936,0.009361,0,100,0,0,0.02504
BNA,BNA,,Habilitador,2,3,1.2,CABA047,2,0,2,6,0,6,5,0.294041,0.316593,17.560372,11,0.020484,0.020484,0,82,0,0,0.052017
Bondarea,Bondarea,,Habilitador,1,3,0.6,CABA049,1,0,1,3,0,3,5,0.284461,0.301395,0,10,0.008757,0.008757,0,59,0,0,0.024411
CAB,CAB,,Vinculador,1,5,1,CABA050,1,0,1,5,0,5,5,0.283042,0.295374,0,5,0.01261,0.01261,0,81,0,0,0.028698
CADIME,CADIME,,Vinculador,2,3,1.2,CABA052,2,0,2,6,0,6,4,0.322443,0.345081,0,1,0.030731,0.030731,0,105,1,1,0.078448
Cámara Argentina de Fintech,Cámara Argentina de Fintech,,Vinculador,3,3,1.8,CABA054,3,0,3,9,0,9,4,0.315716,0.344347,22.894424,0,0.036559,0.036559,0,12,0.333333,1,0.093881
Cámara de Comercio Catalana,Cámara de Comercio Catalana,,Vinculador,1,3,0.6,CABA055,1,0,1,3,0,3,5,0.28269,0.298311,0,4,0.009004,0.009004,0,109,0,0,0.024886
Cámara Empresaria de Tandil,Cámara Empresaria de Tandil,,Vinculador,1,3,0.6,CABA056,1,0,1,3,0,3,5,0.259725,0.271733,0,5,0.005204,0.005204,0,39,0,0,0.013362
CAMARCO,CAMARCO,,Vinculador,2,4,1.6,CABA057,3,0,3,9,0,9,5,0.3429,0.360646,26.302917,5,0.057482,0.057481,0,45,0.333333,1,0.131112
CAME,CAME,,Vinculador,4,3.25,2.6,CABA058,4,0,4,13,0,13,4,0.351393,0.381057,33.294083,0,0.058211,0.058212,0,4,0.5,3,0.146506
Campus Party Argentina,Campus Party Argentina,,Habilitador,1,3,0.6,CABA059,1,0,1,3,0,3,5,0.28269,0.298311,0,4,0.009004,0.009004,0,111,0,0,0.024886
Cancillería Argentina,Cancillería Argentina,,Articulador,1,2,0.4,CABA060,1,0,1,2,0,2,6,0.251942,0.267695,0,2,0.003308,0.003308,0,91,0,0,0.012083
CCU,CCU,,Habilitador,1,3,0.6,CABA061,0,1,1,0,3,3,5,0.300265,0.316593,0,9,0.021002,0.021002,0,141,0,0,0.048467
cde FADU UBA,cde FADU UBA,,Habilitador,2,5,2,CABA062,2,0,2,10,0,10,5,0.290281,0.309104,0,3,0.012473,0.012473,0,31,1,1,0.037073
CEDEX,CEDEX,,Habilitador,3,2.666667,1.6,CABA064,7,5,12,20,17,37,4,0.380235,0.414097,442.970813,4,0.130806,0.130805,0,124,0.181818,10,0.322731
Centro Innovación Social UDESA,Centro Innovación Social UDESA,,Habilitador,1,3,0.6,CABA068,1,0,1,3,0,3,5,0.269917,0.282379,0,10,0.007098,0.007099,0,57,0,0,0.019035
CESSI,CESSI,,Vinculador,1,3,0.6,CABA071,1,0,1,3,0,3,4,0.307172,0.325257,0,1,0.017123,0.017123,0,106,0,0,0.043819
CFI,CFI,,Articulador,1,5,1,CABA072,1,0,1,5,0,5,5,0.274486,0.285536,0,7,0.00698,0.00698,0,74,0,0,0.016836
cheLA,cheLA,,Habilitador,2,4,1.6,CABA073,2,0,2,8,0,8,6,0.23306,0.245374,0,6,0.003202,0.003202,0,142,0,0,0.01215
Chicas en Tecnología,Chicas en Tecnología,,Comunidad,2,3,1.2,CABA074,2,0,2,6,0,6,4,0.323823,0.347283,0,0,0.036209,0.036209,0,11,1,1,0.088722
CIC,CIC,,Articulador,1,5,1,CABA076,0,1,1,0,5,5,5,0.272837,0.286711,0,11,0.00625,0.00625,0,143,0,0,0.017993
CICE,CICE,,Habilitador,1,5,1,CABA077,1,0,1,5,0,5,5,0.259725,0.271733,0,5,0.005204,0.005204,0,38,0,0,0.013362
CienciaPBA,CienciaPBA,,Articulador,5,3,3,CABA080,5,0,5,15,0,15,5,0.319718,0.351542,36.16988,7,0.051981,0.051982,0,21,0.1,1,0.127088
Ciudad del Saber,Ciudad del Saber,,Habilitador,1,5,1,CABA082,0,1,1,0,5,5,6,0.262428,0.275918,0,6,0.006153,0.006153,0,144,0,0,0.016764
Club de Emprendedores de Vicente López,Club de Emprendedores de Vicente López,,Comunidad,1,3,0.6,CABA084,1,0,1,3,0,3,5,0.267059,0.279736,0,7,0.006339,0.006339,0,145,0,0,0.016697
Club de Emprendedores UADE,Club de Emprendedores UADE,,Comunidad,2,4,1.6,CABA086,2,0,2,8,0,8,5,0.285176,0.304919,0,1,0.011986,0.011987,0,80,1,1,0.03459
Club de Inversores Angeles IAE,Club de Inversores Angeles IAE,,Habilitador,1,2,0.4,CABA087,1,0,1,2,0,2,5,0.278528,0.295374,0,9,0.014234,0.014234,0,135,0,0,0.034024
Club de Reparadores,Club de Reparadores,,Comunidad,1,3,0.6,CABA088,0,7,7,0,23,23,5,0.303476,0.331791,902.752998,6,0.020533,0.020532,0,149,0,0,0.058945
Club emprendedores UNAJ,Club emprendedores UNAJ,,Comunidad,1,3,0.6,CABA089,1,0,1,3,0,3,5,0.267059,0.279736,0,7,0.006339,0.006339,0,150,0,0,0.016697
Club Trama,Club Trama,,Comunidad,4,2.25,1.8,CABA090,1,4,5,3,7,10,4,0.351393,0.377753,38.790732,11,0.064409,0.064409,0,124,0.5,3,0.164033
CMD,CMD,,Habilitador,1,3,0.6,CABA091,1,0,1,3,0,3,6,0.23306,0.245374,0,6,0.001601,0.001601,0,146,0,0,0.006075
CNV,CNV,,Articulador,1,3,0.6,CABA092,1,0,1,3,0,3,5,0.278528,0.295374,0,9,0.014234,0.014234,0,138,0,0,0.034024
Coderhouse,Coderhouse,,Habilitador,1,1,0.2,CABA093,0,1,1,0,1,1,5,0.271531,0.286344,0,8,0.008572,0.008572,0,151,0,0,0.021641
Comodoro Conocimiento,Comodoro Conocimiento,,Habilitador,1,3,0.6,CABA094,1,0,1,3,0,3,5,0.271531,0.284435,0,4,0.010513,0.010513,0,152,0,0,0.025517
CONICET,CONICET,,Articulador,7,3.714286,5.2,CABA095,7,0,7,26,0,26,4,0.371522,0.406021,393.055987,5,0.080693,0.080694,0,43,0.238095,5,0.201715
CORFO,CORFO,,Articulador,1,3,0.6,CABA097,1,0,1,3,0,3,6,0.262428,0.275918,0,6,0.006153,0.006153,0,46,0,0,0.016764
CREA,CREA,,Vinculador,1,3,0.6,CABA098,1,0,1,3,0,3,5,0.25737,0.270558,0,8,0.005143,0.005143,0,121,0,0,0.013035
Creame,Creame,,Habilitador,1,5,1,CABA099,0,1,1,0,5,5,6,0.262428,0.275918,0,6,0.006153,0.006153,0,153,0,0,0.016764
CRIAR,CRIAR,,Comunidad,2,3,1.2,CABA101,3,0,3,7,0,7,4,0.30429,0.328194,131.801256,2,0.018233,0.018233,0,93,0.333333,1,0.050563
Cygnus Angel Club,Cygnus Angel Club,,Habilitador,1,3,0.6,CABA102,1,0,1,3,0,3,5,0.278528,0.295374,0,9,0.014234,0.014234,0,137,0,0,0.034024
Dirección de Emprendedores GCBA,Dirección de Emprendedores GCBA,,Articulador,11,3.818182,8.4,CABA105,10,26,36,32,85,117,3,0.442495,0.502203,3549.248632,1,0.219606,0.219606,0,124,0.07957,37,0.556012
Distrito Tigre Sur,Distrito Tigre Sur,,Articulador,1,3,0.6,CABA107,1,0,1,3,0,3,5,0.284461,0.301395,0,10,0.008757,0.008757,0,67,0,0,0.024411
Draper Cygnus,Draper Cygnus,,Habilitador,1,5,1,CABA108,0,1,1,0,5,5,5,0.333824,0.346696,0,9,0.032494,0.032493,0,154,0,0,0.07449
EAN,EAN,,Habilitador,1,3,0.6,CABA109,0,14,14,0,43,43,4,0.372131,0.407489,734.733045,4,0.134832,0.13483,0,156,0.106061,7,0.33133
Eco House,Eco House,,Habilitador,1,4,0.8,CABA110,1,0,1,4,0,4,5,0.271531,0.286344,0,8,0.008572,0.008572,0,79,0,0,0.021641
Educación Argentina,Educación Argentina,,Articulador,4,3.5,2.8,CABA112,4,0,4,14,0,14,5,0.299078,0.322173,21.069032,4,0.036884,0.036884,0,35,0,0,0.094374
Eidos,Eidos,,Habilitador,1,4,0.8,CABA113,0,1,1,0,4,4,5,0.288437,0.305213,0,0,0.014557,0.014557,0,157,0,0,0.036097
EKHOS,EKHOS,,Habilitador,2,3,1.2,CABA114,2,12,14,4,40,44,5,0.336296,0.377533,1503.571911,2,0.04242,0.042421,0,124,0.045455,3,0.127063
EKLOS,EKLOS,,Habilitador,4,3,2.4,CABA115,2,2,4,6,6,12,4,0.351393,0.37812,20.996225,1,0.059848,0.059848,0,124,0.5,3,0.147696
El Cronista,El Cronista,,Promotor,2,3,1.2,CABA116,2,0,2,6,0,6,4,0.310959,0.332599,2.953874,0,0.031446,0.031446,0,13,0,0,0.075373
El Núcleo,El Núcleo,,Generador de conocimiento,1,3,0.6,CABA118,1,0,1,3,0,3,6,0.251942,0.267695,0,2,0.003308,0.003308,0,88,0,0,0.012083
Embarca,Embarca,,Habilitador,1,3,0.6,CABA123,1,0,1,3,0,3,5,0.278528,0.295374,0,9,0.014234,0.014234,0,136,0,0,0.034024
Emprear,Emprear,,Habilitador,4,3,2.4,CABA124,4,0,4,12,0,12,5,0.279557,0.299046,0,9,0.030905,0.030905,0,126,1,1,0.077327
Emprediem,Emprediem,,Habilitador,1,3,0.6,CABA125,1,0,1,3,0,3,5,0.279557,0.29464,0,10,0.00936,0.009361,0,95,0,0,0.02504
Emprelatam,Emprelatam,,Habilitador,1,2,0.4,CABA126,1,0,1,2,0,2,5,0.278528,0.295374,0,9,0.014234,0.014234,0,131,0,0,0.034024
Emprendedores Econ. UBA,Emprendedores Econ. UBA,,Habilitador,1,5,1,CABA127,1,0,1,5,0,5,5,0.27887,0.29442,0,3,0.007742,0.007742,0,37,0,0,0.022559
EMPRETEC,EMPRETEC,,Habilitador,1,3,0.6,CABA128,1,0,1,3,0,3,5,0.312242,0.331057,0,0,0.021653,0.021653,0,5,0,0,0.052624
Enablis,Enablis,,Habilitador,1,2,0.4,CABA130,0,1,1,0,2,2,5,0.290653,0.306828,0,0,0.013608,0.013608,0,158,0,0,0.034628
Endeavor,Endeavor,,Habilitador,1,5,1,CABA131,1,0,1,5,0,5,5,0.300265,0.316593,0,9,0.021002,0.021002,0,15,0,0,0.048467
Endeavor Argentina,Endeavor Argentina,,Habilitador,13,2.923077,7.6,CABA132,17,8,25,51,31,82,4,0.428302,0.479809,1939.17565,9,0.269351,0.269351,0,124,0.137681,38,0.645624
ENI - DiTella,ENI - DiTella,,Generador de conocimiento,1,3,0.6,CABA133,1,0,1,3,0,3,5,0.279557,0.29464,0,10,0.00936,0.009361,0,98,0,0,0.02504
ESEADE,ESEADE,,Habilitador,1,3,0.6,CABA135,1,0,1,3,0,3,5,0.284461,0.301395,0,10,0.008757,0.008757,0,64,0,0,0.024411
FabLab Bariloche,FabLab Bariloche,,Habilitador,1,3,0.6,CABA137,1,0,1,3,0,3,6,0.23306,0.245374,0,6,0.001601,0.001601,0,147,0,0,0.006075
FADU,FADU,,Habilitador,1,3,0.6,CABA140,2,0,2,4,0,4,5,0.283042,0.300514,0,4,0.009766,0.009766,0,115,1,1,0.027998
FAN,FAN,,Vinculador,2,3,1.2,CABA141,2,0,2,6,0,6,5,0.302264,0.323935,44.0937,0,0.018339,0.018339,0,29,0,0,0.049142
FEBA,FEBA,,Vinculador,1,3,0.6,CABA142,1,0,1,3,0,3,5,0.312242,0.331057,0,0,0.021653,0.021653,0,3,0,0,0.052624
FIJE,FIJE,,Vinculador,1,5,1,CABA144,1,0,1,5,0,5,5,0.288437,0.305213,0,0,0.014557,0.014557,0,10,0,0,0.036097
FIUBA,FIUBA,,Generador de conocimiento,2,5,2,CABA145,2,0,2,10,0,10,5,0.290281,0.309104,0,3,0.012473,0.012473,0,30,1,1,0.037073
FOMIN,FOMIN,,Habilitador,1,3,0.6,CABA147,1,0,1,3,0,3,6,0.265187,0.277827,0,3,0.004731,0.004731,0,28,0,0,0.014514
Founders Live,Founders Live,,Comunidad,1,5,1,CABA151,0,1,1,0,5,5,5,0.270238,0.281204,0,8,0.008403,0.008403,0,159,0,0,0.021443
Frubis,Frubis,,Habilitador,1,5,1,CABA152,1,0,1,5,0,5,5,0.271531,0.286344,0,8,0.008572,0.008572,0,75,0,0,0.021641
FuckUp Nights,FuckUp Nights,,Comunidad,2,3,1.2,CABA153,2,0,2,6,0,6,5,0.316597,0.339868,0,8,0.030224,0.030224,0,2,1,1,0.074265
Fundación Dinero Social,Fundación Dinero Social,,Habilitador,1,3,0.6,CABA156,1,0,1,3,0,3,5,0.279557,0.29464,0,10,0.00936,0.009361,0,96,0,0,0.02504
Fundación Itaú Argentina,Fundación Itaú Argentina,,Habilitador,2,4,1.6,CABA159,0,2,2,0,8,8,4,0.294041,0.313142,1.546508,4,0.019203,0.019203,0,160,0,0,0.049691
Fundación PROSAMA,Fundación PROSAMA,,Generador de conocimiento,1,3,0.6,CABA161,0,3,3,0,11,11,5,0.295189,0.31652,228.100626,5,0.014776,0.014776,0,162,0,0,0.039468
Fundación Telefónica Movistar,Fundación Telefónica Movistar,,Habilitador,2,2.5,1,CABA163,2,0,2,5,0,5,4,0.308005,0.330029,11.725349,0,0.022002,0.022002,0,55,0,0,0.057784
Fundes,Fundes,,Habilitador,1,5,1,CABA165,0,1,1,0,5,5,5,0.28269,0.298311,0,4,0.009004,0.009004,0,163,0,0,0.024886
FUNDESCO,FUNDESCO,,Vinculador,1,2,0.4,CABA166,2,0,2,3,0,3,5,0.281289,0.297357,0,8,0.015503,0.015503,0,20,1,1,0.040421
FUNINTEC,FUNINTEC,,Habilitador,1,3,0.6,CABA167,1,0,1,3,0,3,5,0.242521,0.255433,0,3,0.002846,0.002846,0,25,0,0,0.008787
GCBA,GCBA,,Articulador,12,3.166667,7.6,CABA170,9,5,14,24,16,40,4,0.409009,0.448238,1312.254915,2,0.147475,0.147475,0,124,0.175824,16,0.368005
GCBA Educación,GCBA Educación,,Articulador,1,3,0.6,CABA171,1,0,1,3,0,3,6,0.23306,0.245374,0,6,0.001601,0.001601,0,148,0,0,0.006075
GEMA,GEMA,,Vinculador,1,3,0.6,CABA172,1,0,1,3,0,3,5,0.312242,0.331057,0,0,0.021653,0.021653,0,118,0,0,0.052624
GEN,GEN,,Vinculador,1,3,0.6,CABA173,1,0,1,3,0,3,6,0.262428,0.275918,0,6,0.006153,0.006153,0,47,0,0,0.016764
Gerencia Ambiental,Gerencia Ambiental,,Promotor,1,3,0.6,CABA382,1,0,1,3,0,3,6,0.228141,0.238693,0,5,0.001152,0.001152,0,161,0,0,0.003959
Global Shapers,Global Shapers,,Comunidad,1,3,0.6,CABA175,1,0,1,3,0,3,5,0.271531,0.286344,0,8,0.008572,0.008572,0,78,0,0,0.021641
Globant Ventures,Globant Ventures,,Habilitador,1,3,0.6,CABA177,1,0,1,3,0,3,5,0.28269,0.298311,0,4,0.009004,0.009004,0,114,0,0,0.024886
Glocal,Glocal,,Habilitador,1,2,0.4,CABA178,1,0,1,2,0,2,5,0.278528,0.295374,0,9,0.014234,0.014234,0,133,0,0,0.034024
Google for Startups,Google for Startups,,Habilitador,2,5,2,CABA179,1,1,2,5,5,10,5,0.290653,0.306828,0,0,0.013608,0.013608,0,124,0,0,0.034628
GridX,GridX,,Habilitador,6,3.833333,4.6,CABA180,3,12,15,13,52,65,4,0.394097,0.428047,581.343887,5,0.161731,0.161732,0,124,0.254545,14,0.384849
Hacela Rodar,Hacela Rodar,,Habilitador,1,3,0.6,CABA184,4,11,15,5,30,35,4,0.369106,0.402717,531.911238,10,0.09104,0.09104,0,124,0.145455,8,0.234349
Hashtag Coworking,Hashtag Coworking,,Habilitador,1,3,0.6,CABA186,1,0,1,3,0,3,5,0.271531,0.284435,0,4,0.010513,0.010513,0,155,0,0,0.025517
Hit Cowork,Hit Cowork,,Habilitador,2,3,1.2,CABA188,2,0,2,6,0,6,4,0.317927,0.342144,0,10,0.02588,0.02588,0,66,1,1,0.06823
HRC,HRC,,Habilitador,1,3,0.6,CABA190,1,0,1,3,0,3,5,0.28269,0.298311,0,4,0.009004,0.009004,0,110,0,0,0.024886
Huerta Coworking,Huerta Coworking,,Habilitador,1,3,0.6,CABA191,4,12,16,6,37,43,4,0.372131,0.414464,1661.169098,8,0.109937,0.109935,0,124,0.066667,8,0.270543
IAE,IAE,,Habilitador,11,3.181818,7,CABA193,11,0,11,35,0,35,4,0.397548,0.440529,889.454281,8,0.121543,0.121544,0,7,0.181818,10,0.304515
IECS,IECS,,Generador de conocimiento,1,3,0.6,CABA198,1,0,1,3,0,3,5,0.269596,0.281791,0,2,0.00596,0.00596,0,86,0,0,0.015289
Impact Hub,Impact Hub,,Habilitador,5,2.6,2.6,CABA201,2,6,8,10,6,16,4,0.314404,0.334802,14.265203,10,0.040983,0.040983,0,124,0.5,3,0.107961
IncUBAgro,IncUBAgro,,Habilitador,2,4,1.6,CABA204,3,11,14,14,40,54,5,0.360317,0.395154,1337.199631,3,0.060682,0.060681,0,124,0.038462,3,0.165318
Incubando Salud,Incubando Salud,,Habilitador,2,3,1.2,CABA205,2,8,10,7,24,31,4,0.368506,0.400881,1032.738439,2,0.076444,0.076444,0,124,0.111111,5,0.18931
Incubar,Incubar,,Vinculador,1,3,0.6,CABA206,1,0,1,3,0,3,5,0.28269,0.298311,0,4,0.009004,0.009004,0,113,0,0,0.024886
Incutex,Incutex,,Habilitador,1,3,0.6,CABA207,1,0,1,3,0,3,5,0.278528,0.295374,0,9,0.014234,0.014234,0,134,0,0,0.034024
Infobae,Infobae,,Promotor,2,2,0.8,CABA209,2,0,2,4,0,4,5,0.292526,0.315712,14.783091,11,0.016966,0.016966,0,51,0,0,0.044796
INICIA,INICIA,,Habilitador,5,2.6,2.6,CABA210,4,18,22,12,52,64,4,0.396853,0.447871,2749.96131,10,0.11231,0.112309,0,124,0.042857,9,0.293679
Instituto PYME Banco Ciudad,Instituto PYME Banco Ciudad,,Habilitador,3,3.666667,2.2,CABA218,3,0,3,11,0,11,4,0.325681,0.353891,63.394141,7,0.032219,0.032219,0,70,0.333333,1,0.084926
INTA,INTA,,Generador de conocimiento,2,4,1.6,CABA219,2,0,2,8,0,8,5,0.288437,0.305653,2.428571,5,0.017815,0.017815,0,41,0,0,0.04206
INTI,INTI,,Generador de conocimiento,2,3,1.2,CABA220,2,0,2,6,0,6,4,0.313536,0.335903,25.877713,5,0.022327,0.022327,0,8,0,0,0.057181
InvestBA,InvestBA,,Articulador,2,3.5,1.4,CABA224,2,0,2,7,0,7,4,0.31484,0.339574,0,1,0.026127,0.026127,0,107,1,1,0.068706
ITBA,ITBA,,Generador de conocimiento,3,3.333333,2,CABA226,3,17,20,8,58,66,4,0.372131,0.424376,1197.781906,11,0.107662,0.107662,0,124,0.052632,9,0.279891
Jaguar Ventures,Jaguar Ventures,,Habilitador,2,4,1.6,CABA227,4,6,10,11,19,30,4,0.364366,0.39464,336.760815,9,0.142932,0.14293,0,124,0.277778,10,0.332917
Kaszek Ventures,Kaszek Ventures,,Habilitador,2,3,1.2,CABA229,2,0,2,6,0,6,5,0.302264,0.321366,0,9,0.032146,0.032146,0,1,1,1,0.073095
La Maquinita,La Maquinita,,Habilitador,1,3,0.6,CABA232,1,0,1,3,0,3,5,0.284461,0.301395,0,10,0.008757,0.008757,0,60,0,0,0.024411
La Nación,La Nación,,Promotor,1,4,0.8,CABA233,1,0,1,4,0,4,5,0.271531,0.289648,0,11,0.008395,0.008395,0,52,0,0,0.023155
Latio,Latio,,Habilitador,1,3,0.6,CABA236,2,0,2,4,0,4,5,0.337296,0.35257,0,5,0.052338,0.052338,0,23,1,1,0.118077
Lisicky Litvin & Asociados,Lisicky Litvin & Asociados,,Habilitador,1,3,0.6,CABA239,1,0,1,3,0,3,5,0.284461,0.301395,0,10,0.008757,0.008757,0,58,0,0,0.024411
Madre Emprendedora,Madre Emprendedora,,Habilitador,1,3,0.6,CABA240,0,14,14,0,44,44,4,0.363782,0.399413,1353.284679,7,0.081301,0.0813,0,167,0.043956,4,0.202988
Marcas que Marcan,Marcas que Marcan,,Habilitador,1,4,0.8,CABA242,1,0,1,4,0,4,6,0.251942,0.267695,0,2,0.003308,0.003308,0,90,0,0,0.012083
Matteria,Matteria,,Habilitador,1,3,0.6,CABA243,1,0,1,3,0,3,5,0.279557,0.29464,0,10,0.00936,0.009361,0,97,0,0,0.02504
Mayma,Mayma,,Habilitador,3,3,1.8,CABA244,3,0,3,9,0,9,4,0.330422,0.356828,38.481374,7,0.03707,0.03707,0,108,0.333333,1,0.095144
Mercado Libre,Mercado Libre,,Habilitador,2,3.5,1.4,CABA247,2,0,2,7,0,7,5,0.292149,0.314464,31.347042,11,0.014734,0.014734,0,54,0,0,0.039852
MINCYT,MINCYT,,Articulador,9,2.777778,5,CABA252,7,5,12,22,6,28,4,0.356358,0.390969,370.99421,3,0.091054,0.091055,0,124,0.166667,6,0.234858
Ministerio de Producción y Trabajo,Ministerio de Producción y Trabajo,,Articulador,12,3.583333,8.6,CABA254,12,1,13,42,2,44,4,0.353583,0.397577,827.45049,4,0.107657,0.107658,0,124,0.066667,3,0.27744
MIT Sloan Latin America,MIT Sloan Latin America,,Generador de conocimiento,1,5,1,CABA255,1,0,1,5,0,5,5,0.271531,0.289648,0,11,0.008395,0.008395,0,49,0,0,0.023155
Modernización Argentina,Modernización Argentina,,Articulador,1,3,0.6,CABA256,1,0,1,3,0,3,5,0.25737,0.270558,0,8,0.005143,0.005143,0,119,0,0,0.013035
MONSANTO Fund,MONSANTO Fund,,Habilitador,1,3,0.6,CABA258,1,0,1,3,0,3,5,0.284461,0.301395,0,10,0.008757,0.008757,0,71,0,0,0.024411
Munay Coworking,Munay Coworking,,Habilitador,1,3,0.6,CABA260,1,0,1,3,0,3,5,0.284461,0.301395,0,10,0.008757,0.008757,0,61,0,0,0.024411
Municipalidad de Tandil,Municipalidad de Tandil,,Articulador,1,3,0.6,CABA264,1,0,1,3,0,3,5,0.259725,0.271733,0,5,0.005204,0.005204,0,40,0,0,0.013362
Namastrade,Namastrade,,Habilitador,1,1,0.2,CABA265,0,2,2,0,2,2,5,0.257662,0.276872,0,2,0.004729,0.004729,0,168,1,1,0.016985
NESI Forum,NESI Forum,,Habilitador,1,3,0.6,CABA266,1,0,1,3,0,3,6,0.251942,0.267695,0,2,0.003308,0.003308,0,89,0,0,0.012083
Nesters,Nesters,,Habilitador,1,3,0.6,CABA268,1,0,1,3,0,3,5,0.25737,0.270558,0,8,0.005143,0.005143,0,120,0,0,0.013035
Nexen,Nexen,,Habilitador,1,3,0.6,CABA269,1,0,1,3,0,3,5,0.271531,0.286344,0,8,0.008572,0.008572,0,77,0,0,0.021641
Njambre,Njambre,,Habilitador,1,3,0.6,CABA270,1,0,1,3,0,3,5,0.279557,0.29464,0,10,0.00936,0.009361,0,99,0,0,0.02504
NXTP Labs,NXTP Labs,,Habilitador,4,2.75,2.2,CABA272,2,2,4,6,5,11,4,0.333333,0.362702,3.024675,9,0.068355,0.068356,0,124,0.833333,5,0.161817
Open Future,Open Future,,Habilitador,1,3,0.6,CABA274,1,0,1,3,0,3,5,0.290653,0.306828,0,0,0.013608,0.013608,0,116,0,0,0.034628
Origen CoWork,Origen CoWork,,Habilitador,1,3,0.6,CABA276,1,0,1,3,0,3,5,0.28269,0.298311,0,4,0.009004,0.009004,0,112,0,0,0.024886
Oxentia,Oxentia,,Habilitador,1,3,0.6,CABA277,1,0,1,3,0,3,5,0.269596,0.281791,0,2,0.00596,0.00596,0,85,0,0,0.015289
Parabolt,Parabolt,,Habilitador,4,3,2.4,CABA278,7,12,19,21,42,63,4,0.389365,0.426946,609.391338,5,0.254511,0.254508,0,124,0.179487,14,0.596717
Planeamiento y Políticas CTI,Planeamiento y Políticas CTI,,Articulador,1,4,0.8,CABA283,1,0,1,4,0,4,6,0.265187,0.277827,0,3,0.004731,0.004731,0,32,0,0,0.014514
Polo IT,Polo IT,,Vinculador,1,2,0.4,CABA284,0,1,1,0,2,2,4,0.307172,0.325257,0,1,0.017123,0.017123,0,169,0,0,0.043819
Procomer,Procomer,,Habilitador,1,5,1,CABA287,0,1,1,0,5,5,6,0.262428,0.275918,0,6,0.006153,0.006153,0,170,0,0,0.016764
Prodem,Prodem,,Generador de conocimiento,1,3,0.6,CABA288,9,7,16,45,27,72,5,0.355243,0.392584,2230.825267,6,0.078915,0.078914,0,124,0.032967,3,0.198532
ProducciónPBA,ProducciónPBA,,Articulador,7,2.142857,3,CABA289,4,5,9,10,11,21,4,0.377704,0.406388,364.91998,7,0.08952,0.089519,0,124,0.214286,6,0.216658
Proesus,Proesus,,Habilitador,2,3,1.2,CABA290,2,0,2,6,0,6,4,0.312242,0.333333,0,1,0.027322,0.027322,0,72,1,1,0.068624
Red Emprendia,Red Emprendia,,Vinculador,2,4,1.6,CABA296,2,0,2,8,0,8,5,0.279213,0.299559,0,11,0.01012,0.01012,0,83,1,1,0.0318
Red/Acción,Red/Acción,,Promotor,1,3,0.6,CABA298,1,0,1,3,0,3,5,0.279557,0.29464,0,10,0.00936,0.009361,0,94,0,0,0.02504
Redbee Studios,Redbee Studios,,Habilitador,3,5,3,CABA299,2,1,3,10,5,15,5,0.270238,0.281204,0,8,0.016806,0.016807,0,124,0,0,0.042887
RedVITEC,RedVITEC,,Vinculador,1,1,0.2,CABA300,0,2,2,0,2,2,5,0.292526,0.312041,0,11,0.014644,0.014644,0,171,1,1,0.040311
Regus,Regus,,Habilitador,1,3,0.6,CABA301,1,0,1,3,0,3,5,0.288437,0.305213,0,0,0.014557,0.014557,0,102,0,0,0.036097
RUNBO,RUNBO,,Vinculador,1,3,0.6,CABA304,1,0,1,3,0,3,5,0.259725,0.271733,0,5,0.005204,0.005204,0,42,0,0,0.013362
Santander,Santander,,Habilitador,5,3.6,3.6,CABA307,4,1,5,14,4,18,5,0.312242,0.342731,107.73639,11,0.031398,0.031399,0,124,0.166667,1,0.091938
Santander Universidades,Santander Universidades,,Habilitador,5,3.8,3.8,CABA308,5,0,5,19,0,19,5,0.310534,0.340529,57.55455,3,0.038262,0.038262,0,24,0.166667,1,0.107598
Santander X,Santander X,,Habilitador,5,3,3,CABA309,4,2,6,14,2,16,4,0.341353,0.372981,110.030227,11,0.056704,0.056704,0,124,0.2,2,0.150355
Senado Nación,Senado Nación,,Articulador,1,3,0.6,CABA311,1,0,1,3,0,3,5,0.267059,0.279736,0,7,0.006339,0.006339,0,165,0,0,0.016697
SEPYME,SEPYME,,Articulador,26,3.230769,16.8,CABA312,31,11,42,105,33,138,4,0.5,0.54442,6589.854769,9,0.416737,0.416742,0,124,0.151724,66,1
Sercles,Sercles,,Habilitador,1,3,0.6,CABA313,1,0,1,3,0,3,5,0.284461,0.301395,0,10,0.008757,0.008757,0,63,0,0,0.024411
Sistema B,Sistema B,,Habilitador,8,3.25,5.2,CABA314,8,0,8,26,0,26,4,0.372742,0.411527,539.9879,10,0.091776,0.091777,0,16,0.238095,5,0.235257
Socialab,Socialab,,Habilitador,4,3.25,2.6,CABA316,5,16,21,16,50,66,4,0.387372,0.432452,2447.946461,10,0.120053,0.120052,0,124,0.046784,8,0.307799
SPU,SPU,,Articulador,5,4,4,CABA319,4,1,5,15,5,20,5,0.308005,0.336858,126.315925,3,0.03167,0.03167,0,124,0.166667,1,0.090986
Stanford University,Stanford University,,Habilitador,1,3,0.6,CABA320,1,0,1,3,0,3,5,0.269596,0.281791,0,2,0.00596,0.00596,0,84,0,0,0.015289
SUBA,SUBA,,Comunidad,1,3,0.6,CABA321,1,0,1,3,0,3,5,0.269596,0.281791,0,2,0.00596,0.00596,0,87,0,0,0.015289
Subsria. Desarrollo Económico,Subsria. Desarrollo Económico,,Articulador,2,3,1.2,CABA322,2,0,2,6,0,6,4,0.318373,0.342878,0,1,0.031679,0.03168,0,14,1,1,0.079917
Subsria. Desarrollo Económico Vicente López,Subsria. Desarrollo Económico Vicente López,,Articulador,1,3,0.6,CABA323,1,0,1,3,0,3,6,0.265187,0.277827,0,3,0.004731,0.004731,0,33,0,0,0.014514
Subsria. Plan. Educ. Cnc. y Tec.,Subsria. Plan. Educ. Cnc. y Tec.,,Articulador,2,3.5,1.4,CABA324,2,0,2,7,0,7,4,0.31397,0.336637,16.885317,3,0.021854,0.021854,0,34,0,0,0.058333
Sumatoria,Sumatoria,,Habilitador,1,2,0.4,CABA325,0,1,1,0,2,2,5,0.279557,0.29464,0,10,0.00936,0.009361,0,172,0,0,0.02504
Tanoira,Tanoira,,Habilitador,1,1,0.2,CABA327,0,2,2,0,2,2,5,0.307588,0.326872,0,3,0.028101,0.028101,0,173,1,1,0.067444
The Yield Lab,The Yield Lab,,Habilitador,1,3,0.6,CABA334,1,8,9,3,24,27,4,0.346037,0.379589,910.818056,8,0.065966,0.065966,0,124,0.083333,3,0.160247
Transferencia Tecnológica UBA,Transferencia Tecnológica UBA,,Habilitador,2,3.5,1.4,CABA335,1,1,2,3,4,7,5,0.284461,0.303524,38.729167,3,0.010692,0.010692,0,124,0,0,0.029803
Trepcamp,Trepcamp,,Habilitador,1,3,0.6,CABA336,0,16,16,0,52,52,5,0.326619,0.371733,662.151217,11,0.049637,0.049637,0,175,0.043956,4,0.148218
Troopa,Troopa,,Habilitador,1,3,0.6,CABA337,1,0,1,3,0,3,5,0.278528,0.295374,0,9,0.014234,0.014234,0,132,0,0,0.034024
UADE,UADE,,Habilitador,3,3.333333,2,CABA338,5,7,12,18,20,38,4,0.381513,0.417401,799.371242,1,0.104094,0.104093,0,124,0.136364,9,0.262633
UAI,UAI,,Generador de conocimiento,1,3,0.6,CABA339,1,0,1,3,0,3,5,0.267059,0.279736,0,7,0.006339,0.006339,0,164,0,0,0.016697
UBA,UBA,,Generador de conocimiento,5,3.4,3.4,CABA341,3,14,17,9,58,67,4,0.386054,0.429515,1512.393349,3,0.099294,0.099294,0,124,0.054945,5,0.269694
Ubatec,Ubatec,,Habilitador,1,3,0.6,CABA342,1,0,1,3,0,3,5,0.27887,0.29442,0,3,0.007742,0.007742,0,36,0,0,0.022559
UCA,UCA,,Generador de conocimiento,2,3,1.2,CABA343,2,0,2,6,0,6,5,0.321986,0.345007,21.870232,11,0.025523,0.025523,0,117,0,0,0.066432
UCEMA,UCEMA,,Generador de conocimiento,2,3,1.2,CABA344,2,0,2,6,0,6,5,0.292149,0.312775,9.474414,9,0.014314,0.014314,0,62,0,0,0.038845
UDESA,UDESA,,Habilitador,3,3.333333,2,CABA345,3,0,3,10,0,10,4,0.335799,0.361968,47.833583,9,0.046525,0.046524,0,101,0.333333,1,0.114899
UNAJE,UNAJE,,Vinculador,3,2.666667,1.6,CABA350,2,24,26,7,74,81,4,0.404635,0.457048,1996.584019,0,0.186694,0.186692,0,124,0.07971,22,0.461325
UNICEN,UNICEN,,Generador de conocimiento,2,4,1.6,CABA352,1,10,11,5,32,37,4,0.350309,0.382159,1087.35887,5,0.066746,0.066745,0,124,0.018182,1,0.162068
Universidad Austral,Universidad Austral,,Habilitador,2,3,1.2,CABA354,2,0,2,6,0,6,5,0.306343,0.326138,24.847267,11,0.02076,0.02076,0,48,0,0,0.053083
Universidad Austral de Rosario,Universidad Austral de Rosario,,Habilitador,1,3,0.6,CABA355,1,0,1,3,0,3,5,0.25737,0.270558,0,8,0.005143,0.005143,0,122,0,0,0.013035
Universidad CAECE,Universidad CAECE,,Habilitador,2,3,1.2,CABA356,2,0,2,6,0,6,5,0.300265,0.322907,51.617275,10,0.012627,0.012627,0,68,0,0,0.038218
Universidad Siglo XXI,Universidad Siglo XXI,,Habilitador,2,3,1.2,CABA357,2,0,2,6,0,6,5,0.2979,0.320631,20.260143,7,0.020896,0.020896,0,104,0,0,0.052794
UNLP,UNLP,,Generador de conocimiento,1,3,0.6,CABA359,6,9,15,20,27,47,4,0.374587,0.414097,1285.742443,11,0.080161,0.080159,0,124,0.057143,6,0.213086
UNLPam,UNLPam,,Generador de conocimiento,1,3,0.6,CABA383,1,0,1,3,0,3,5,0.267059,0.279736,0,7,0.006339,0.006339,0,166,0,0,0.016697
UNQ,UNQ,,Generador de conocimiento,1,3,0.6,CABA360,1,0,1,3,0,3,6,0.265187,0.277827,0,3,0.004731,0.004731,0,27,0,0,0.014514
UNRaf,UNRaf,,Habilitador,1,5,1,CABA361,0,1,1,0,5,5,6,0.262428,0.275918,0,6,0.006153,0.006153,0,176,0,0,0.016764
UNSAM,UNSAM,,Generador de conocimiento,3,3,1.8,CABA362,2,4,6,6,16,22,4,0.319718,0.349486,487.168702,3,0.036497,0.036497,0,124,0,0,0.09937
UP,UP,,Habilitador,1,3,0.6,CABA363,4,17,21,16,57,73,4,0.393414,0.440529,2408.601967,4,0.115484,0.115482,0,124,0.047368,9,0.301376
UPa,UPa,,Generador de conocimiento,1,5,1,CABA364,0,1,1,0,5,5,6,0.262428,0.275918,0,6,0.006153,0.006153,0,177,0,0,0.016764
USAL,USAL,,Generador de conocimiento,2,2.5,1,CABA366,2,0,2,5,0,5,5,0.267373,0.290162,21.156139,11,0.007178,0.007178,0,92,0,0,0.025891
USI,USI,,Habilitador,1,3,0.6,CABA367,1,0,1,3,0,3,5,0.284461,0.301395,0,10,0.008757,0.008757,0,69,0,0,0.024411
UTDT,UTDT,,Generador de conocimiento,1,3,0.6,CABA368,1,0,1,3,0,3,6,0.246471,0.26351,0,11,0.00387,0.00387,0,174,0,0,0.013808
Venturebees,Venturebees,,Habilitador,1,3,0.6,CABA370,7,7,14,19,24,43,4,0.369707,0.399046,693.376709,8,0.107776,0.107775,0,124,0.133333,6,0.271431
Voces Vitales,Voces Vitales,,Habilitador,1,3,0.6,CABA371,0,1,1,0,3,3,5,0.276492,0.289501,0,1,0.008116,0.008116,0,178,0,0,0.020782
Wayra,Wayra,,Habilitador,5,3.8,3.8,CABA372,0,5,5,0,19,19,5,0.36089,0.386344,88.938736,9,0.084401,0.0844,0,179,0.5,5,0.198978
WeWork,WeWork,,Habilitador,3,2.666667,1.6,CABA373,3,0,3,8,0,8,5,0.305518,0.332379,23.280829,9,0.039935,0.039935,0,0,0,0,0.09475
WISE,WISE,,Habilitador,2,3,1.2,CABA375,1,1,2,3,3,6,4,0.331871,0.354626,0,0,0.03526,0.03526,0,124,1,1,0.087253
YPF Ventures,YPF Ventures,,Habilitador,2,3,1.2,CABA380,2,0,2,6,0,6,5,0.290281,0.311894,0,11,0.014645,0.014645,0,50,1,1,0.041148
Y-TEC,Y-TEC,,Generador de conocimiento,1,3,0.6,CABA381,1,0,1,3,0,3,5,0.272837,0.286711,0,11,0.00625,0.00625,0,19,0,0,0.017993
